{
  "Post Books" : {
    "transaction" : "Post Books",
    "sampleCount" : 2,
    "errorCount" : 0,
    "errorPct" : 0.0,
    "meanResTime" : 312.5,
    "medianResTime" : 312.5,
    "minResTime" : 307.0,
    "maxResTime" : 318.0,
    "pct1ResTime" : 318.0,
    "pct2ResTime" : 318.0,
    "pct3ResTime" : 318.0,
    "throughput" : 3.4602076124567476,
    "receivedKBytesPerSec" : 0.8853265570934257,
    "sentKBytesPerSec" : 0.8853265570934257
  },
  "Delete Book" : {
    "transaction" : "Delete Book",
    "sampleCount" : 2,
    "errorCount" : 0,
    "errorPct" : 0.0,
    "meanResTime" : 315.5,
    "medianResTime" : 315.5,
    "minResTime" : 315.0,
    "maxResTime" : 316.0,
    "pct1ResTime" : 316.0,
    "pct2ResTime" : 316.0,
    "pct3ResTime" : 316.0,
    "throughput" : 3.395585738539898,
    "receivedKBytesPerSec" : 0.6996763582342954,
    "sentKBytesPerSec" : 0.9085844651952463
  },
  "Total" : {
    "transaction" : "Total",
    "sampleCount" : 8,
    "errorCount" : 0,
    "errorPct" : 0.0,
    "meanResTime" : 1555.125,
    "medianResTime" : 319.0,
    "minResTime" : 307.0,
    "maxResTime" : 5393.0,
    "pct1ResTime" : 5393.0,
    "pct2ResTime" : 5393.0,
    "pct3ResTime" : 5393.0,
    "throughput" : 1.210104371502042,
    "receivedKBytesPerSec" : 29.145316517924673,
    "sentKBytesPerSec" : 0.2653012025412192
  },
  "GET Books" : {
    "transaction" : "GET Books",
    "sampleCount" : 2,
    "errorCount" : 0,
    "errorPct" : 0.0,
    "meanResTime" : 5271.5,
    "medianResTime" : 5271.5,
    "minResTime" : 5150.0,
    "maxResTime" : 5393.0,
    "pct1ResTime" : 5393.0,
    "pct2ResTime" : 5393.0,
    "pct3ResTime" : 5393.0,
    "throughput" : 0.35385704175513094,
    "receivedKBytesPerSec" : 33.67136356599434,
    "sentKBytesPerSec" : 0.061510306086341116
  },
  "Get Book" : {
    "transaction" : "Get Book",
    "sampleCount" : 2,
    "errorCount" : 0,
    "errorPct" : 0.0,
    "meanResTime" : 321.0,
    "medianResTime" : 321.0,
    "minResTime" : 320.0,
    "maxResTime" : 322.0,
    "pct1ResTime" : 322.0,
    "pct2ResTime" : 322.0,
    "pct3ResTime" : 322.0,
    "throughput" : 3.372681281618887,
    "receivedKBytesPerSec" : 2.437289207419899,
    "sentKBytesPerSec" : 0.6060286677908938
  }
}