{
  "Post Books" : {
    "transaction" : "Post Books",
    "sampleCount" : 30,
    "errorCount" : 0,
    "errorPct" : 0.0,
    "meanResTime" : 364.9666666666667,
    "medianResTime" : 314.5,
    "minResTime" : 295.0,
    "maxResTime" : 625.0,
    "pct1ResTime" : 618.1,
    "pct2ResTime" : 621.7,
    "pct3ResTime" : 625.0,
    "throughput" : 0.710344990883906,
    "receivedKBytesPerSec" : 0.1817484254019369,
    "sentKBytesPerSec" : 0.1817484254019369
  },
  "Delete Book" : {
    "transaction" : "Delete Book",
    "sampleCount" : 30,
    "errorCount" : 0,
    "errorPct" : 0.0,
    "meanResTime" : 343.93333333333334,
    "medianResTime" : 314.0,
    "minResTime" : 294.0,
    "maxResTime" : 508.0,
    "pct1ResTime" : 502.0,
    "pct2ResTime" : 508.0,
    "pct3ResTime" : 508.0,
    "throughput" : 0.718373602164699,
    "receivedKBytesPerSec" : 0.1480242481022964,
    "sentKBytesPerSec" : 0.19278229089341728
  },
  "Total" : {
    "transaction" : "Total",
    "sampleCount" : 120,
    "errorCount" : 0,
    "errorPct" : 0.0,
    "meanResTime" : 1400.5583333333334,
    "medianResTime" : 329.0,
    "minResTime" : 294.0,
    "maxResTime" : 18177.0,
    "pct1ResTime" : 2153.0,
    "pct2ResTime" : 7983.2999999999765,
    "pct3ResTime" : 17735.99999999998,
    "throughput" : 1.9775547535472389,
    "receivedKBytesPerSec" : 52.72370508787759,
    "sentKBytesPerSec" : 0.4341350669896673
  },
  "GET Books" : {
    "transaction" : "GET Books",
    "sampleCount" : 30,
    "errorCount" : 0,
    "errorPct" : 0.0,
    "meanResTime" : 4490.666666666668,
    "medianResTime" : 2090.5,
    "minResTime" : 1891.0,
    "maxResTime" : 18177.0,
    "pct1ResTime" : 14219.200000000004,
    "pct2ResTime" : 17022.0,
    "pct3ResTime" : 18177.0,
    "throughput" : 0.5020584396023697,
    "receivedKBytesPerSec" : 52.9458377001958,
    "sentKBytesPerSec" : 0.08727187719650567
  },
  "Get Book" : {
    "transaction" : "Get Book",
    "sampleCount" : 30,
    "errorCount" : 0,
    "errorPct" : 0.0,
    "meanResTime" : 402.6666666666667,
    "medianResTime" : 328.0,
    "minResTime" : 304.0,
    "maxResTime" : 611.0,
    "pct1ResTime" : 610.0,
    "pct2ResTime" : 610.45,
    "pct3ResTime" : 611.0,
    "throughput" : 0.7108330963889679,
    "receivedKBytesPerSec" : 0.5152151602928632,
    "sentKBytesPerSec" : 0.1280054911856696
  }
}