{
  "Post Books" : {
    "transaction" : "Post Books",
    "sampleCount" : 2,
    "errorCount" : 0,
    "errorPct" : 0.0,
    "meanResTime" : 368.5,
    "medianResTime" : 368.5,
    "minResTime" : 367.0,
    "maxResTime" : 370.0,
    "pct1ResTime" : 370.0,
    "pct2ResTime" : 370.0,
    "pct3ResTime" : 370.0,
    "throughput" : 5.405405405405405,
    "receivedKBytesPerSec" : 1.3830236486486487,
    "sentKBytesPerSec" : 1.3830236486486487
  },
  "Delete Book" : {
    "transaction" : "Delete Book",
    "sampleCount" : 2,
    "errorCount" : 0,
    "errorPct" : 0.0,
    "meanResTime" : 385.5,
    "medianResTime" : 385.5,
    "minResTime" : 361.0,
    "maxResTime" : 410.0,
    "pct1ResTime" : 410.0,
    "pct2ResTime" : 410.0,
    "pct3ResTime" : 410.0,
    "throughput" : 4.878048780487805,
    "receivedKBytesPerSec" : 1.0051448170731707,
    "sentKBytesPerSec" : 1.3052591463414636
  },
  "Total" : {
    "transaction" : "Total",
    "sampleCount" : 8,
    "errorCount" : 0,
    "errorPct" : 0.0,
    "meanResTime" : 4751.5,
    "medianResTime" : 579.5,
    "minResTime" : 361.0,
    "maxResTime" : 17709.0,
    "pct1ResTime" : 17709.0,
    "pct2ResTime" : 17709.0,
    "pct3ResTime" : 17709.0,
    "throughput" : 0.41575719779648684,
    "receivedKBytesPerSec" : 92.65513549462113,
    "sentKBytesPerSec" : 0.09114989346221807
  },
  "GET Books" : {
    "transaction" : "GET Books",
    "sampleCount" : 2,
    "errorCount" : 0,
    "errorPct" : 0.0,
    "meanResTime" : 17501.5,
    "medianResTime" : 17501.5,
    "minResTime" : 17294.0,
    "maxResTime" : 17709.0,
    "pct1ResTime" : 17709.0,
    "pct2ResTime" : 17709.0,
    "pct3ResTime" : 17709.0,
    "throughput" : 0.11293054771315642,
    "receivedKBytesPerSec" : 100.09247291431394,
    "sentKBytesPerSec" : 0.019630505364201016
  },
  "Get Book" : {
    "transaction" : "Get Book",
    "sampleCount" : 2,
    "errorCount" : 0,
    "errorPct" : 0.0,
    "meanResTime" : 750.5,
    "medianResTime" : 750.5,
    "minResTime" : 749.0,
    "maxResTime" : 752.0,
    "pct1ResTime" : 752.0,
    "pct2ResTime" : 752.0,
    "pct3ResTime" : 752.0,
    "throughput" : 2.6595744680851063,
    "receivedKBytesPerSec" : 12.378449135638299,
    "sentKBytesPerSec" : 0.47789228723404253
  }
}