{
  "Post Books" : {
    "transaction" : "Post Books",
    "sampleCount" : 30,
    "errorCount" : 0,
    "errorPct" : 0.0,
    "meanResTime" : 337.4,
    "medianResTime" : 311.5,
    "minResTime" : 299.0,
    "maxResTime" : 614.0,
    "pct1ResTime" : 434.0000000000001,
    "pct2ResTime" : 601.35,
    "pct3ResTime" : 614.0,
    "throughput" : 0.5238802060595477,
    "receivedKBytesPerSec" : 0.1340396620972671,
    "sentKBytesPerSec" : 0.1340396620972671
  },
  "Delete Book" : {
    "transaction" : "Delete Book",
    "sampleCount" : 30,
    "errorCount" : 0,
    "errorPct" : 0.0,
    "meanResTime" : 333.26666666666665,
    "medianResTime" : 314.5,
    "minResTime" : 296.0,
    "maxResTime" : 640.0,
    "pct1ResTime" : 337.0,
    "pct2ResTime" : 592.6999999999999,
    "pct3ResTime" : 640.0,
    "throughput" : 0.5237430167597765,
    "receivedKBytesPerSec" : 0.10791970364874301,
    "sentKBytesPerSec" : 0.14055134863826815
  },
  "Total" : {
    "transaction" : "Total",
    "sampleCount" : 120,
    "errorCount" : 0,
    "errorPct" : 0.0,
    "meanResTime" : 782.6583333333334,
    "medianResTime" : 323.5,
    "minResTime" : 296.0,
    "maxResTime" : 3047.0,
    "pct1ResTime" : 2087.4,
    "pct2ResTime" : 2204.4499999999994,
    "pct3ResTime" : 2931.0799999999954,
    "throughput" : 1.9687300050858858,
    "receivedKBytesPerSec" : 47.45831316752251,
    "sentKBytesPerSec" : 0.43219775892901086
  },
  "GET Books" : {
    "transaction" : "GET Books",
    "sampleCount" : 30,
    "errorCount" : 0,
    "errorPct" : 0.0,
    "meanResTime" : 2107.7999999999997,
    "medianResTime" : 2052.5,
    "minResTime" : 1909.0,
    "maxResTime" : 3047.0,
    "pct1ResTime" : 2368.9,
    "pct2ResTime" : 2743.3999999999996,
    "pct3ResTime" : 3047.0,
    "throughput" : 0.4999583368052662,
    "receivedKBytesPerSec" : 47.614798376176985,
    "sentKBytesPerSec" : 0.08690682026497791
  },
  "Get Book" : {
    "transaction" : "Get Book",
    "sampleCount" : 30,
    "errorCount" : 0,
    "errorPct" : 0.0,
    "meanResTime" : 352.16666666666674,
    "medianResTime" : 323.0,
    "minResTime" : 301.0,
    "maxResTime" : 637.0,
    "pct1ResTime" : 506.8000000000002,
    "pct2ResTime" : 627.1,
    "pct3ResTime" : 637.0,
    "throughput" : 0.5238253217160517,
    "receivedKBytesPerSec" : 0.37965399700546526,
    "sentKBytesPerSec" : 0.09432948176214838
  }
}